{
  "project_info": {
    "project_number": "724743390174",
    "firebase_url": "https://dungeon-minion-5e.firebaseio.com",
    "project_id": "dungeon-minion-5e",
    "storage_bucket": "dungeon-minion-5e.appspot.com"
  },
  "client": [
    {
      "client_info": {
        "mobilesdk_app_id": "1:724743390174:android:72d8174be075c4ee65134f",
        "android_client_info": {
          "package_name": "com.thomosdyla1.dungeonminion5e"
        }
      },
      "oauth_client": [
        {
          "client_id": "724743390174-5tc2c1e7ud70sdskdhe4krcftaq6b3n6.apps.googleusercontent.com",
          "client_type": 1,
          "android_info": {
            "package_name": "com.thomosdyla1.dungeonminion5e",
            "certificate_hash": "992e786b74e7d5a591cb3dafaac25f819dfb0d20"
          }
        },
        {
          "client_id": "724743390174-v8r3vrtbk2nbpthq20mlapcsuv03imob.apps.googleusercontent.com",
          "client_type": 3
        }
      ],
      "api_key": [
        {
          "current_key": "AIzaSyDzAY29Ng6LBgYRoyHvYDeXtv26Xn3TUZU"
        }
      ],
      "services": {
        "appinvite_service": {
          "other_platform_oauth_client": [
            {
              "client_id": "724743390174-v8r3vrtbk2nbpthq20mlapcsuv03imob.apps.googleusercontent.com",
              "client_type": 3
            }
          ]
        }
      }
    }
  ],
  "configuration_version": "1"
}
